timestamp,volume,vw,open,close,high,low,transactions
1673827200000,31290,368.4013,368.185,368.09,369.187,367.098,31290
1673913600000,80820,367.9313,368.99,367.48,370.515,366.131,80820
1674000000000,30029,364.9992,362.828,365.454,366.44,362.29,30029
1674086400000,113109,365.3739,365.92,363.79,367.113,363.329,113109
1674172800000,35537,363.2495,365.285,361.628,366.245,361.3,35537
1674345600000,1493,361.6632,361.41,361.7,362.33,359.845,1493
1674432000000,69846,363.6738,361.4,363.62,366.119,360.61,69846
1674518400000,75224,361.6487,363.19,357.33,366.385,356.224,75224
1674604800000,80916,356.5778,356.55,354.29,359.197,351.855,80916
1674691200000,47507,356.2275,356.199,355.88,357.74,354.467,47507
1674777600000,38382,358.3254,357.79,359.11,360.119,357.09,38382
1674864000000,2,359.14,359.16,359.12,359.16,359.12,2
1674950400000,1223,358.8582,357.684,358.97,359.085,357.585,1223
1675036800000,48921,358.7084,358.71,359.29,359.708,357.06,48921
1675123200000,94659,359.7572,359.22,360.03,361.647,357.98,94659
1675209600000,83812,357.1176,359.895,354.1,360.14,352.491,83812
1675296000000,72935,352.8969,354.39,353,354.694,350.755,72935
1675382400000,88427,355.7375,353,359.47,359.83,351.72,88427
1675468800000,5,359.48,359.46,359.47,359.5,359.46,5
1675555200000,2421,359.1045,359.31,359.15,359.565,357.808,2421
1675641600000,82308,363.8724,359.19,367.52,369.527,358.85,82308
1675728000000,103151,367.0685,367.53,365.425,370.076,363.01,103151
1675814400000,92203,362.1658,365.43,360.565,365.64,359.14,92203
1675900800000,85636,358.9561,360.565,360.95,361.123,356.71,85636
1675987200000,90183,362.626,360.86,362.27,366.343,359.87,90183
1676073600000,3,362.3233,362.3,362.29,362.38,362.29,3
1676246400000,66706,359.8287,363.19,356.495,364.525,355.58,66706
1676332800000,110540,354.1089,356.465,351.2,358,350.75,110540
1676419200000,89932,354.7442,351.425,355.18,357.636,351.18,89932
1676505600000,88735,357.9389,355.16,359.81,360.425,353.962,88735
1676592000000,97219,361.179,359.635,358.6,364.727,358.08,97219
1676678400000,3,358.6067,358.59,358.6,358.63,358.59,3
1676764800000,1689,358.6012,356.954,358.92,359.54,356.911,1689
1676851200000,53255,358.2957,358.91,358.01,359.82,356.242,53255
1676937600000,85229,359.2081,358.02,359.39,362.01,356.76,85229
1677024000000,76685,359.3006,359.45,359.39,361.535,356.58,76685
1677110400000,81789,359.3426,359.33,359.41,360.8,357.676,81789
1677196800000,82610,360.0835,359.234,360.24,363.049,358.26,82610
1677283200000,8,360.2687,360.25,360.26,360.29,360.25,8
1677369600000,1176,359.7789,359.453,359.805,360.216,359.158,1176
1677456000000,82910,358.5571,359.805,356,361.46,354.916,82910
1677542400000,76131,356.5864,355.875,357.295,358.629,354.29,76131
1677628800000,95370,351.9367,357.285,349.399,358.35,348.43,95370
1677715200000,90591,353.0992,349.52,354.83,355.677,348.61,90591
1677801600000,84551,356.1746,354.715,356.36,358.073,353.898,84551
1677974400000,1332,355.6964,356.27,356.08,356.4,353.7,1332
1678060800000,75558,354.4068,356.06,352.52,356.98,351.78,75558
1678147200000,86935,355.5054,352.515,358.715,359.523,351.515,86935
1678233600000,84743,359.6094,358.68,357.95,362.52,356.93,84743
1678320000000,91404,359.0455,358.52,361.69,363.234,357.35,91404
1678406400000,111278,360.4634,361.615,359.84,364.645,356.84,111278
1678492800000,2,359.87,359.9,359.84,359.9,359.84,2
1678579200000,5949,357.3903,359.583,357.425,359.583,355.86,5949
1678665600000,133045,362.3581,357.4,366.135,368.122,355,133045
1678752000000,111325,365.7848,366.14,362.84,370.608,360.99,111325
1678838400000,125915,372.2985,363.19,374.245,381.328,361.05,125915
1678924800000,115221,374.1158,373.995,371.65,379.013,369.97,115221
1679011200000,101424,371.8446,371.625,372.75,375.158,367.79,101424
1679097600000,4,372.79,372.8,372.78,372.8,372.78,4
1679184000000,2191,371.5661,367.5,371.58,372.256,367.5,2191
1679270400000,105176,372.292,371.59,368.1,378.307,367.408,105176
1679356800000,83427,364.3232,368.2,360.83,368.98,360.24,83427
1679443200000,81618,358.7589,360.84,355.965,363.907,353.217,81618
1679529600000,82410,353.4587,355.855,354.02,356.12,350.55,82410
1679616000000,80661,358.5369,353.845,357.24,363.304,353.65,80661
1679788800000,4160,356.6743,356.8,356.564,357.44,355.193,4160
1679875200000,71237,357.5939,356.894,357.145,359.173,355.467,71237
1679961600000,63903,353.9795,356.845,351.47,357.39,349.86,63903
1680048000000,71479,350.7504,351.375,350.7,353.512,348.68,71479
1680134400000,60850,349.558,350.825,348.44,351.75,346.82,60850
1680220800000,67943,349.3348,348.215,350.28,351.445,347.23,67943
1680393600000,4161,351.2089,348.543,352.135,352.5,348.414,4161
1680480000000,71181,349.3709,352.1,345.95,353.47,345.09,71181
1680566400000,68091,345.1459,345.965,344.218,347.585,342.77,68091
1680652800000,63483,344.1164,344.37,345.385,346.17,342.14,63483
1680739200000,53965,344.8685,345.285,343.92,346.52,342.65,53965
1680825600000,33094,343.6537,343.87,344.18,345.07,341.81,33094
1680912000000,2,343.96,343.75,344.17,344.17,343.75,2
1680998400000,2104,342.8383,342.5,342.86,343.68,341.56,2104
1681084800000,51275,344.6352,342.84,345.29,347.091,342.36,51275
1681171200000,51437,344.2427,345.195,344.184,345.88,342.76,51437
1681257600000,62181,342.4662,344.081,339.817,345.739,338.703,62181
1681344000000,62218,339.187,340.155,338.1,341.615,336.73,62218
1681430400000,53881,338.6772,337.904,339.58,340.811,336.95,53881
1681516800000,2,339.605,339.63,339.58,339.63,339.58,2
1681603200000,1201,339.3294,339.242,339.66,339.87,338.278,1201
1681689600000,56220,339.8543,339.63,340.72,341.902,337.59,56220
1681776000000,56689,338.6506,340.61,338.09,340.99,337,56689
1681862400000,81027,343.1661,337.938,345.84,346.53,337.56,81027
1681948800000,58883,344.7146,345.69,343.03,346.82,342.34,58883
1682035200000,56366,343.5492,342.936,341.83,345.382,341.572,56366
1682208000000,1160,341.7462,340.627,342.132,342.33,340.479,1160
1682294400000,53658,341.3455,342.075,339.92,343.975,339.25,53658
1682380800000,61920,341.8157,339.742,344.27,345.134,339.16,61920
1682467200000,64521,340.2538,344.21,338.385,344.78,337.89,64521
1682553600000,65626,338.3666,338.378,338.35,339.716,336.94,65626
1682640000000,69306,338.9108,338.212,338.5,340.75,337.28,69306
1682726400000,2,338.53,338.56,338.5,338.56,338.5,2
1682812800000,1448,337.9228,336.484,338.315,338.53,336.357,1448
1682899200000,48737,338.5069,338.42,339.443,340.064,336.32,48737
1682985600000,54018,339.5432,339.377,340.371,341.375,337.04,54018
1683072000000,62435,339.5739,340.203,338.72,341.167,337.58,62435
1683158400000,78197,338.3064,338.72,338.41,339.686,337.08,78197
1683244800000,57197,337.9921,338.26,337.36,339.605,336.58,57197
1683417600000,1677,336.9232,335.455,337.108,337.58,335.455,1677
1683504000000,42054,337.449,337.126,338.206,339.42,336.307,42054
1683590400000,48898,338.6244,338.247,338.56,339.685,337.19,48898
1683676800000,59857,337.5445,338.473,336.304,339.155,335.6,59857
1683763200000,74391,338.7528,336.319,340.254,340.945,335.62,74391
1683849600000,44656,340.287,340.229,341.29,341.51,339.21,44656
1683936000000,2,341.33,341.36,341.3,341.36,341.3,2
1684022400000,1139,340.7033,339.821,340.925,341.18,339.4,1139
1684108800000,47813,339.8347,340.906,339.39,341.3,338.79,47813
1684195200000,56949,339.1171,339.288,339.26,340.5,337.94,56949
1684281600000,61539,340.9235,338.977,341.11,343.325,338.59,61539
1684368000000,62717,345.6136,341,347.756,350.233,340.595,62717
1684454400000,60103,348.3772,347.738,347.37,351.57,346.3,60103
1684627200000,1101,346.6176,345.919,346.95,347.201,345.6,1101
1684713600000,67218,346.4687,346.86,345.71,348.7,345.08,67218
1684800000000,71155,348.0542,345.619,348.391,350.172,345.173,71155
1684886400000,70277,346.8982,348.313,346.06,349.376,344.33,70277
1684972800000,70365,347.5295,346.032,347.56,348.605,346.032,70365
1685059200000,15020,345.961,346.075,345.9,346.552,345.11,15020
1685232000000,1278,345.5595,345.94,345.765,345.96,343.938,1278
1685318400000,38345,346.4517,345.756,346.75,347.171,345.1,38345
1685404800000,68594,345.7773,346.743,344.85,348.019,343.75,68594
1685491200000,80925,346.9033,344.888,346.336,348.158,344.575,80925
1685577600000,78298,345.9761,346.336,344.69,347.711,343.879,78298
1685664000000,52873,344.7667,344.585,345.29,345.873,343.49,52873
1685750400000,2,345.325,345.32,345.33,345.33,345.32,2
1685836800000,2181,345.2871,345.219,345.79,346.09,339.079,2181
1685923200000,56867,345.0744,345.694,344.52,346.669,343.538,56867
1686009600000,51432,344.563,344.414,344.205,345.631,343.17,51432
1686096000000,58262,344.3307,344.2,343.969,345.496,342.68,58262
1686182400000,55162,343.3703,343.998,342.65,345.087,341.315,55162
1686268800000,53697,342.3572,342.626,342.38,343.361,341.46,53697
1686355200000,4,342.405,342.44,342.37,342.44,342.37,4
1686441600000,2169,342.1107,342.44,342.16,342.52,340.834,2169
1686528000000,59030,342.4339,342.119,342.71,343.575,340.55,59030
1686614400000,66241,342.666,342.705,342.788,344.05,341.473,66241
1686700800000,62934,342.9091,342.787,342.48,344.247,341.71,62934
1686787200000,76140,343.6515,342.522,340.644,347.622,340.42,76140
1686873600000,65823,341.1229,340.669,341.21,342.684,339.58,65823
1687046400000,525,340.9262,341.31,341.11,341.38,339.705,525
1687132800000,33506,342.0213,341.1,341.81,343.36,340.922,33506
1687219200000,65241,341.3378,341.82,340.55,342.575,339.777,65241
1687305600000,62073,338.6601,340.45,336.31,341.248,335.41,62073
1687392000000,55394,336.4654,336.17,336.945,337.412,335.36,55394
1687478400000,57355,339.5611,336.931,339.65,341.585,336.744,57355
1687564800000,2,339.585,339.55,339.62,339.62,339.55,2
1687651200000,1978,339.007,339.004,339.258,339.53,338.252,1978
1687737600000,57536,338.7201,339.17,338.14,339.92,337.45,57536
1687824000000,60716,337.0767,338.109,337.77,338.48,335.669,60716
1687910400000,61593,339.1469,337.78,340.03,340.843,337.398,61593
1687996800000,59698,340.7009,339.967,341.43,341.912,338.74,59698
1688083200000,55448,341.607,341.359,341.5,343.19,340.103,55448
1688256000000,3408,340.8146,341.53,341.71,341.75,339.406,3408
1688342400000,62622,343.035,341.58,343.03,344.56,340.549,62622
1688428800000,47208,343.9644,343.03,344.787,345.22,342.69,47208
1688515200000,51031,347.884,344.785,351.23,351.59,344.522,51031
1688601600000,71967,353.0379,351.095,353.98,355.781,349.73,71967
1688688000000,87987,353.5684,353.872,350.5,357.43,349.941,87987
1688774400000,6,350.535,350.53,350.54,350.54,350.53,6
1688860800000,1858,349.9076,350.53,350.59,350.84,345.5,1858
1688947200000,78180,348.836,350.651,345.44,352.21,344.172,78180
1689033600000,70395,344.5951,345.324,343.64,345.937,342.9,70395
1689120000000,81925,339.72,343.512,336.486,343.75,335.774,81925
1689206400000,85708,335.0439,336.482,332.655,337.449,331.35,85708
1689292800000,76408,333.1171,332.637,333.17,334.706,332.16,76408
1689379200000,4,333.165,333.2,333.13,333.2,333.13,4
1689465600000,2662,332.5032,330.933,332.782,332.98,330.911,2662
1689552000000,64131,332.6464,332.713,332.59,334.171,330.87,64131
1689638400000,62140,332.3613,332.468,332.6,333.381,331.2,62140
1689724800000,96619,335.1407,332.47,337.32,338.347,332.26,96619
1689811200000,64408,339.7992,337.294,342.65,343.299,336.352,64408
1689897600000,67597,341.6762,342.496,340.85,342.85,340.403,67597
1689984000000,14,340.875,340.89,340.86,340.89,340.86,14
1690070400000,1838,340.4897,340.89,340.779,341.06,338.4,1838
1690156800000,92088,341.1441,340.883,341.47,342.446,338.77,92088
1690243200000,90763,342.5944,341.368,343.73,344.378,340.526,90763
1690329600000,95821,345.0486,343.603,344.486,347.819,342.06,95821
1690416000000,92448,344.153,344.495,348.1,349.829,339.44,92448
1690502400000,96026,348.6267,347.956,348.72,351.264,344.656,96026
1690675200000,2338,347.6999,346.593,348.62,348.72,345.637,2338
1690761600000,89090,350.1886,348.521,351.941,352.27,348.175,89090
1690848000000,69472,353.9742,351.932,353.12,356.031,351.82,69472
1690934400000,85714,354.0373,353.03,354.83,356.224,351.55,85714
1691020800000,101137,357.9144,354.666,358.775,361.047,354.357,101137
1691107200000,138666,355.7109,358.758,353.8,359.17,351.95,138666
1691280000000,1939,352.9407,351.813,353.314,353.78,351.652,1939
1691366400000,67061,354.2405,353.319,352.502,357.59,351.413,67061
1691452800000,130581,354.7364,352.431,355.57,358.085,351.3,130581
1691539200000,79029,353.837,355.455,353.842,355.63,352.21,79029
1691625600000,108293,350.1492,353.92,350.66,354.5,346.263,108293
1691712000000,95746,349.24,350.797,349.82,351,347.4,95746
1691884800000,2385,348.9992,349.328,349.51,349.66,346.642,2385
1691971200000,99081,351.0305,349.52,352.11,354.067,348.61,99081
1692057600000,102021,353.9871,352.034,355.67,356.668,351.495,102021
1692144000000,81882,354.2558,355.56,355.486,356.14,352.13,81882
1692230400000,100815,354.5326,355.484,353.8,356.96,351.99,100815
1692316800000,72272,352.6266,353.607,351.44,354.74,350.74,72272
1692489600000,1414,351.104,351.44,351.29,351.81,350.005,1414
1692576000000,84065,351.4307,351.284,351.09,353.122,349.14,84065
1692662400000,88390,351.7773,351.001,352.92,353.577,349.1,88390
1692748800000,72512,352.9327,352.805,351.805,355.12,351.03,72512
1692835200000,68391,353.7804,351.805,355.06,355.45,351.29,68391
1692921600000,81738,354.1814,355.102,353.48,356.36,351.64,81738
1693094400000,1534,353.0128,351.238,353.34,353.52,351.238,1534
1693180800000,52598,354.0822,353.231,354.07,355.27,352.52,52598
1693267200000,79066,352.5683,353.836,350.38,354.702,349.147,79066
1693353600000,64100,348.0974,350.363,347.034,350.86,345.41,64100
1693440000000,58041,349.9299,347.026,351.37,352.102,346.686,58041
1693526400000,73204,353.2563,351.31,356.34,356.85,350.15,73204
1693699200000,1,356.34,356.34,356.34,356.34,356.34,1
1693785600000,39444,354.6557,356.39,354.2,356.71,353.105,39444
1693872000000,76929,358.6563,354.1,361.13,362.635,353.698,76929
1693958400000,60910,362.4614,361.073,362.838,364.379,360.45,60910
1694044800000,54976,362.6701,362.659,361.83,365.641,360.9,54976
1694131200000,51264,360.1772,361.82,360.12,361.91,358.12,51264
1694304000000,1831,359.7559,359.49,359.82,360.515,356.92,1831
1694390400000,65067,357.8455,359.919,356.895,360.131,355.136,65067
1694476800000,56301,358.7947,356.863,358.01,361.122,356.09,56301
1694563200000,66862,357.8048,358.09,357.46,359.461,356.22,66862
1694649600000,70195,358.9479,357.501,361.18,361.38,356.471,70195
1694736000000,58204,359.7737,361.164,359.51,361.692,357.9,58204
1694908800000,1244,359.2488,358.401,359.3,359.648,358.224,1244
1694995200000,48315,359.5531,359.412,358.61,360.89,357.496,48315
1695081600000,58634,358.7139,358.472,359.045,359.66,357.16,58634
1695168000000,64260,358.5007,359.13,360.69,360.96,356.299,64260
1695254400000,108556,363.02,360.6,363.75,365.52,360.08,108556
1695340800000,64033,364.0867,363.675,365.51,368.77,361.96,64033
1695513600000,4618,364.7802,363.707,365.62,365.73,331.45,4618
1695600000000,66591,367.3931,365.605,368.49,370.195,365.146,66591
1695686400000,70609,368.1925,368.446,369.51,370.056,365.05,70609
1695772800000,97373,371.6228,369.59,373.5,375.68,366.24,97373
1695859200000,100093,372.4879,373.451,370.89,374.882,369.552,100093
1695945600000,82737,368.3927,370.816,368.23,371.1,365.915,82737
1696118400000,2755,368.6081,367.406,368.64,369.99,366.295,2755
1696204800000,141533,368.995,368.79,370.862,371.18,365.36,141533
1696291200000,120434,370.61,370.835,372.21,373.165,367.91,120434
1696377600000,122912,369.9135,372.064,368.43,375.518,366.82,122912
1696464000000,145939,367.8174,368.481,367.38,369.241,366.059,145939
1696550400000,99299,366.5466,367.37,365.53,369.486,363.67,99299
1696723200000,4046,366.1341,364.312,366.091,367.105,364.08,4046
1696809600000,101866,368.0755,366.087,367.25,369.771,365.504,101866
1696896000000,90508,365.9789,367.21,365.39,368.412,364.12,90508
1696982400000,101234,364.4287,365.311,363.51,365.69,362.84,101234
1697068800000,84425,364.9989,363.533,367.402,367.8,362.41,84425
1697155200000,91625,368.1874,367.377,369.36,370.219,365.97,91625
1697328000000,3039,368.2931,366.115,368.495,369.105,366.115,3039
1697414400000,83677,367.3076,368.471,365.84,369.503,364.684,83677
1697500800000,82380,364.4905,365.841,363.49,366.711,362.17,82380
1697587200000,73856,363.5944,363.405,364.37,365.448,361.96,73856
1697673600000,58962,362.9745,364.229,361.27,365.581,359.824,58962
1697760000000,42354,361.6303,361.216,360.48,363.504,360.037,42354
1697932800000,1172,360.6323,360.67,360.66,360.813,359.43,1172
1698019200000,42781,359.5341,360.777,357.555,361.57,356.765,42781
1698105600000,47923,359.3191,357.512,361.442,362.05,356.211,47923
1698192000000,50331,363.2459,361.51,363.823,365.435,360.859,50331
1698278400000,49282,363.5035,363.822,362.116,366.08,361.209,49282
1698364800000,44850,362.2771,362.206,362.96,363.902,360.83,44850
1698537600000,1370,362.6761,362.116,362.968,363.131,361.09,1370
1698624000000,45267,361.4843,362.944,360.42,363.55,359.216,45267
1698710400000,48091,360.5087,360.112,361.35,362.365,357.67,48091
1698796800000,50721,362.7991,361.46,362.17,364.975,361.148,50721
1698883200000,48688,359.892,362.16,359.652,362.344,357.56,48688
1698969600000,46122,356.1946,359.95,353.59,359.98,352.457,46122
1699142400000,1170,352.3263,352.319,352.37,353.024,351.262,1170
1699228800000,44392,353.1141,352.39,353.48,354.446,351.37,44392
1699315200000,46238,354.0012,353.46,353.48,355.582,352.148,46238
1699401600000,41616,354.1081,353.337,353.653,355.786,352.726,41616
1699488000000,46032,353.9906,353.76,355.23,356.078,352.18,46032
1699574400000,41634,353.7915,355.21,352.93,356.431,352.076,41634
1699747200000,822,352.0283,350.95,352.464,352.554,350.95,822
1699833600000,42724,352.745,352.379,352.36,354.215,351.62,42724
1699920000000,48581,349.5273,352.124,345.224,353.027,344.868,48581
1700006400000,50152,346.5428,345.3,346.56,348.522,345.06,50152
1700092800000,52863,346.9798,346.772,346.784,348.54,345.16,52863
1700179200000,51372,347.5584,346.93,347.18,349.052,344.704,51372
1700352000000,1233,345.9095,344.303,346.33,346.384,343.582,1233
1700438400000,48678,346.907,346.32,346.99,347.98,345.436,48678
1700524800000,50274,347.3094,346.827,348.43,349.2,345.4,50274
1700611200000,69266,349.3526,348.4,349.9,351.212,347.864,69266
1700697600000,42803,348.2757,349.776,347.756,349.99,346.91,42803
1700784000000,45791,347.7779,347.79,347.53,349.26,346.19,45791
1700956800000,1100,346.4058,346.25,346.762,347.17,344.971,1100
1701043200000,46368,347.101,346.744,346.17,348.34,345.277,46368
1701129600000,48669,345.2584,346.157,342.75,347.333,342.4,48669
1701216000000,51984,343.7822,342.706,344.35,345.195,342.118,51984
1701302400000,51666,347.332,344.126,348.856,349.887,344,51666
1701388800000,49609,348.6376,348.867,347.82,350.39,346.18,49609
1701561600000,1892,347.3135,346.393,347.602,347.92,346.356,1892
1701648000000,53199,349.5723,347.648,350.55,351.888,347.334,53199
1701734400000,60276,350.9123,350.114,351.66,352.226,349.51,60276
1701820800000,58877,352.1092,351.56,352.703,353.662,350.648,58877
1701907200000,62688,353.3562,352.956,353.568,354.661,352.141,62688
1701993600000,47604,354.0229,353.756,354.11,355.235,352.11,47604
1702166400000,1084,352.8979,352.076,352.893,353.564,351.952,1084
1702252800000,43605,354.4824,352.931,355.69,356.841,352.251,43605
1702339200000,47234,354.696,355.696,353.83,356.03,352.193,47234
1702425600000,46800,352.1611,353.84,348.153,354.75,346.915,46800
1702512000000,48925,346.6111,348.142,345.08,348.537,344.227,48925
1702598400000,46507,348.0716,345.07,350.96,351.739,344.45,46507
1702771200000,1005,350.0492,349.332,350.555,351.102,346.751,1005
1702857600000,42243,351.5875,350.637,351.85,353.328,348.28,42243
1702944000000,41778,350.5299,351.777,350.04,352.12,348.29,41778
1703030400000,41686,350.8159,349.843,350.63,352.55,349.549,41686
1703116800000,42139,348.8119,350.528,347.22,351.036,346.224,42139
1703203200000,42388,346.6569,347.063,345.68,349.36,344.567,42388
1703376000000,11,345.0345,345.686,345.296,347.08,344.492,11
1703462400000,4923,345.7984,344.951,346.18,348.08,344.032,4923
1703548800000,28595,345.8426,345.04,345.55,348.25,344.157,28595
1703635200000,40600,344.9197,345.233,344.05,347.08,343.151,40600
1703721600000,38782,344.3623,344,345.411,346.42,342.52,38782
1703808000000,37168,345.7094,345.107,346.96,347.19,344.604,37168
1703980800000,1,346.14,346.14,346.14,346.14,346.14,1
1704067200000,3312,346.0537,347,346.31,347.47,343.171,3312
1704153600000,44778,347.7008,346.41,348.94,349.42,344.914,44778
1704240000000,42089,348.2539,349.04,347.514,349.89,346.95,42089
1704326400000,43015,346.4768,347.894,345.9,348.37,344.983,43015
1704412800000,45015,345.652,345.788,345.23,347.73,343.01,45015
1704585600000,921,344.8817,344.199,345.025,345.235,343.762,921
1704672000000,40161,344.8092,345.068,344.72,346.132,343.37,40161
1704758400000,42131,345.7973,344.76,346.56,348.51,343.81,42131
1704844800000,43788,345.5989,346.336,344.57,346.97,343.771,43788
1704931200000,43109,345.2756,344.385,344.964,347.284,343.69,43109
1705017600000,44560,345.5928,345.07,346.05,346.811,344.56,44560
1705190400000,917,346.01,345.039,346.254,346.284,345.039,917
1705276800000,35293,346.129,346.245,346.01,347.411,344.71,35293
1705363200000,47095,348.1348,345.91,348.63,349.643,345.686,47095
1705449600000,53253,349.7725,348.545,349.2,351.954,348.32,53253
1705536000000,50209,350.5146,349.143,351.267,352.392,348.16,50209
1705622400000,40759,351.1994,351.33,350.19,352.822,350,40759
1705795200000,1230,350.4457,350.416,350.532,350.706,350.122,1230
1705881600000,41223,351.255,350.668,352.44,352.57,349.59,41223
1705968000000,48423,353.8307,352.406,355.555,356.927,350.31,48423
1706054400000,45051,354.7404,355.63,355.7,356.08,352.55,45051
1706140800000,46874,355.0277,355.496,354.805,356.287,353.15,46874
1706227200000,45354,355.7892,354.805,356.82,357.163,354.587,45354
1706400000000,923,357.6929,357.365,357.767,357.824,357.298,923
1706486400000,42669,359.1805,357.817,358.906,361.262,356.75,42669
1706572800000,48934,358.1934,359.08,356.035,360.842,355.589,48934
1706659200000,50306,354.904,356.055,354.99,357.663,352.63,50306
1706745600000,20839,352.4547,354.916,351.836,355.47,351.173,20839
1706832000000,40031,353.5901,351.796,355.71,356.405,350.967,40031
1707004800000,1320,355.5529,354.993,355.737,356.099,354.711,1320
1707091200000,46161,357.9528,355.635,359.722,360.612,355.224,46161
1707177600000,44065,359.6674,359.744,359.1,361.247,358,44065
1707264000000,42961,359.7885,359.017,360.14,361.094,358.33,42961
1707350400000,39260,360.0813,360.095,360.46,360.918,358.76,39260
1707436800000,37612,359.9001,360.399,358.518,361.37,358.222,37612
1707609600000,1444,358.5142,358.181,358.46,358.918,357.971,1444
1707696000000,37931,358.991,358.546,358.97,360.047,357.454,37931
1707782400000,44923,360.2315,358.871,361.4,362.504,357.718,44923
1707868800000,47945,362.1564,361.237,362.11,363.555,360.78,47945
1707955200000,49953,361.7226,362.1,361.05,362.716,358.87,49953
1708041600000,32720,361.4942,360.93,360.808,363.091,360.024,32720
1708214400000,1132,360.2328,358.246,360.043,360.866,358.246,1132
1708300800000,38803,360.608,360.053,360.533,361.58,359.145,38803
1708387200000,37219,359.6029,360.631,358.255,361.6,357.67,37219
1708473600000,40097,358.3992,358.245,357.692,359.762,357.037,40097
1708560000000,48587,357.4524,357.742,357.491,358.815,354.82,48587
1708646400000,42198,358.5884,357.94,359.33,359.571,357.16,42198
1708819200000,864,358.4847,358.174,359.124,359.125,357.365,864
1708905600000,38360,359.0768,359.165,358.69,359.97,357.978,38360
1708992000000,49125,359.1873,358.604,360.49,360.711,357.71,49125
1709078400000,49824,361.8688,360.38,362.84,363.888,359.831,49824
1709164800000,49685,362.8746,362.763,363.31,363.753,361.2,49685
1709251200000,42614,363.4629,363.146,363.64,364.651,362.38,42614
1709424000000,1165,362.9748,362.804,363.097,363.491,362.62,1165
1709510400000,43520,363.7432,363.077,364.298,364.817,362.41,43520
1709596800000,43915,363.7847,364.406,362.517,365.288,361.42,43915
1709683200000,43319,361.552,362.517,361.31,363.03,360.07,43319
1709769600000,51029,361.7828,361.34,360.9,363.636,360.389,51029
1709856000000,45313,360.3018,360.738,360.15,361.89,357.96,45313
1710028800000,1264,359.3724,359.11,359.532,359.626,358.563,1264
1710115200000,42811,360.7664,359.542,360.628,362.197,359.183,42811
1710201600000,44019,363.2457,360.76,364.9,366.205,360.203,44019
1710288000000,40725,363.2549,365,361.338,365.66,360.558,40725
1710374400000,46605,362.0677,361.281,362.915,363.87,359.63,46605
1710460800000,37919,361.8538,363.028,360.6,363.84,360.3,37919
1710633600000,953,360.5742,360.094,360.792,360.853,359.537,953
1710720000000,37025,361.9624,360.783,363,363.449,360.02,37025
1710806400000,41164,363.4515,362.958,363.093,365.08,362.52,41164
1710892800000,42268,362.9708,363.23,359.916,365.259,359.548,42268
1710979200000,43741,361.531,359.907,362.79,363.679,359.46,43741
1711065600000,40147,366.0958,362.89,367.72,368.414,362.407,40147
1711238400000,736,366.6481,366.1,367.317,367.317,365.367,736
1711324800000,42310,366.6885,367.293,366.22,368.107,365.13,42310
1711411200000,39011,365.2114,366.185,364.832,366.445,363.4,39011
1711497600000,40198,364.8333,364.786,365.03,365.76,363.61,40198
1711584000000,41097,365.2549,364.799,364.741,367.291,364.255,41097
1711670400000,16863,364.9378,364.94,364.71,365.73,362.84,16863
1711843200000,1574,364.7288,363.819,365.46,365.63,363.533,1574
1711929600000,34070,366.1661,365.496,367.392,368.47,364.515,34070
1712016000000,37248,367.289,367.51,366.52,368.58,365.1,37248
1712102400000,40939,364.3004,366.557,362.11,366.7,360.562,40939
1712188800000,41214,360.9085,362.02,361.84,362.47,358.95,41214
1712275200000,36974,360.2977,361.674,359.79,362.361,358.234,36974
1712448000000,1258,359.289,358.517,359.68,359.88,358.469,1258
1712534400000,43149,359.4836,359.67,358.736,361.155,357.565,43149
1712620800000,38208,358.715,358.64,359.302,359.943,356.575,38208
1712707200000,38369,362.1721,359.29,364.04,364.979,358,38369
1712793600000,44082,363.3745,364.137,363.29,364.383,361.71,44082
1712880000000,41766,367.1521,363.19,368.93,370.217,363.02,41766
1713052800000,2259,367.5247,367.258,368.46,368.65,366.511,2259
1713139200000,51415,369.3979,368.65,370.711,371.261,366.98,51415
1713225600000,51562,371.5709,370.743,371.94,372.991,370.08,51562
1713312000000,42593,369.6213,371.788,368.19,372.692,366.93,42593
1713398400000,39435,369.0061,368.2,370.42,370.46,366.35,39435
1713484800000,46148,370.547,370.289,369.73,373.003,368.58,46148
1713657600000,1158,369.5188,369.194,369.85,369.97,368.881,1158
1713744000000,41124,370.0084,369.679,369.9,371.37,368.63,41124
1713830400000,41958,368.64,369.774,367,370.968,366.503,41958
1713916800000,39006,367.8153,367.21,368.06,368.834,366.63,39006
1714003200000,41850,366.7653,367.855,366.28,369.184,365.292,41850
1714089600000,38223,366.3065,366.131,367.36,368.134,364.91,38223
1714262400000,2162,366.3665,365.489,366.34,366.87,365.489,2162
1714348800000,43226,365.461,366.266,365.019,366.571,364.319,43226
1714435200000,44764,365.3001,364.968,366.27,366.836,363.63,44764
1714521600000,36960,365.3357,366.209,364.16,367.386,362.528,36960
1714608000000,40887,363.4331,363.413,362.62,364.844,362.146,40887
1714694400000,41596,361.8874,362.587,361.73,363.25,359.32,41596
1714867200000,1468,361.4467,361.77,361.994,362.14,359.79,1468
1714953600000,37619,361.131,361.991,360.68,362.31,358.99,37619
1715040000000,39899,361.1261,360.509,361.831,362.09,360.21,39899
1715126400000,39816,361.7968,361.649,361.49,362.753,360.555,39816
1715212800000,42565,360.8387,361.407,359.662,362.085,359.197,42565
1715299200000,37751,359.7315,359.628,359.93,360.295,358.5,37751
1715472000000,1159,359.4592,358.689,360.08,360.14,358.666,1159
1715558400000,40908,358.9306,360.057,358.3,360.41,357.55,40908
1715644800000,39826,357.4527,358.241,356.63,358.85,355.791,39826
1715731200000,45080,355.5407,356.639,354.089,356.82,353.458,45080
1715817600000,44767,355.0915,353.981,355.796,356.222,353.6,44767
1715904000000,39797,356.4166,355.838,356,357.89,355.22,39797
1716076800000,1906,355.5135,354.534,355.79,356.23,354.117,1906
1716163200000,39155,355.1602,355.707,355.206,355.98,354.34,39155
1716249600000,40912,354.923,355.11,354.945,355.53,353.85,40912
1716336000000,47877,356.4598,354.95,357.49,358.531,354.36,47877
1716422400000,47216,357.1752,357.38,357.131,358.512,355.764,47216
1716508800000,42496,355.4378,357.131,353.78,357.62,353.21,42496
1716681600000,1324,353.7995,352.929,354.41,354.53,352.92,1324
1716768000000,46753,354.0914,354.348,353.841,355.031,353.075,46753
1716854400000,50025,353.3069,353.839,353.97,354.2,351.4,50025
1716940800000,49353,356.4765,354.003,358.907,359.53,353.958,49353
1717027200000,51314,359.2651,358.894,359.39,360.842,357.175,51314
1717113600000,53577,359.1762,359.353,358.79,360.408,354.396,53577
1717286400000,1868,358.5655,358.378,358.888,359.1,357.902,1868
1717372800000,50594,359.2471,358.871,357.62,361.489,356.796,50594
1717459200000,49625,359.8792,357.764,361.153,361.47,356.983,49625
1717545600000,43612,360.1219,361.135,359.13,361.425,358.287,43612
1717632000000,46892,358.5154,358.98,357.506,360.411,356.69,46892
1717718400000,47769,359.2726,357.703,362.73,362.73,356.205,47769
1717891200000,2939,361.8125,361.211,361.917,362.45,361.055,2939
1717977600000,49668,365.0704,361.933,364.875,367.596,361.565,49668
1718064000000,47481,366.6737,364.912,367.788,368.645,364.32,47481
1718150400000,59246,365.7252,367.79,365.12,368.11,362.839,59246
1718236800000,51144,367.0301,365.073,369.52,369.91,362.423,51144
1718323200000,45229,371.3669,369.484,371.98,373.567,368.68,45229
1718496000000,1454,371.1941,370.825,371.726,371.98,369.968,1454
1718582400000,43734,370.1163,371.807,368.249,372.697,368.02,43734
1718668800000,43825,368.1386,368.242,366.717,370.621,365.97,43825
1718755200000,55596,367.9561,366.726,368.196,369.638,366.31,55596
1718841600000,43865,369.7902,368.195,370.412,370.998,367.344,43865
1718928000000,45752,370.8781,370.331,370.52,372.814,369.362,45752
1719100800000,1686,370.1103,368.105,370.559,371.21,367.952,1686
1719187200000,44378,368.8554,370.495,367.997,371.32,366.489,44378
1719273600000,45788,368.7393,367.946,369.27,370.62,366.456,45788
1719360000000,45289,370.4808,369.378,371.39,371.86,368.72,45289
1719446400000,41563,370.5732,371.402,369.91,372.065,369.45,41563
1719532800000,45402,369.3414,369.826,368.58,371,367.646,45402
1719705600000,1614,367.2782,367.066,367.606,368.46,365.454,1614
1719792000000,41432,366.8047,367.69,367.456,368.13,364.53,41432
1719878400000,42118,368.1883,367.406,367.15,370.134,366.858,42118
1719964800000,38649,366.2536,367.25,365.011,367.977,364.52,38649
1720051200000,38089,364.2967,365.142,363.449,366.02,362.615,38089
1720137600000,38194,362.482,363.429,361.89,363.58,361.324,38194
1720310400000,2650,362.2942,362.433,362.59,362.722,361.34,2650
1720396800000,40598,363.399,362.52,364.29,364.903,361.49,40598
1720483200000,40481,364.678,364.148,364.24,366.471,363.411,40481
1720569600000,38308,363.3561,364.253,363.092,364.651,361.59,38308
1720656000000,47177,362.5104,363.133,361.969,364.001,359.87,47177
1720742400000,39354,360.7496,361.908,358.976,362.631,358.715,39354
1720915200000,2208,359.8869,359.545,360.209,360.45,359.016,2208
1721001600000,57203,359.3488,360.23,358.862,361.322,357.41,57203
1721088000000,46354,359.5682,358.88,359.62,361.435,358.09,46354
1721174400000,38937,357.9386,359.466,357.04,360.097,356.72,38937
1721260800000,44438,357.3559,357.2,358.252,358.946,355.95,44438
1721347200000,33517,358.8003,358.307,358.7,359.635,357.423,33517
1721520000000,2016,358.0346,357.507,358.196,358.827,357.321,2016
1721606400000,42473,358.0126,358.175,357.59,359.359,356.824,42473
1721692800000,44219,358.8046,357.469,359.55,361.026,357.13,44219
1721779200000,48045,361.3396,359.536,362.805,363.03,359.31,48045
1721865600000,50610,362.3523,362.753,361.54,364.332,360.79,50610
1721952000000,44750,360.4635,361.41,359.99,361.775,358.8,44750
1722124800000,2158,359.4297,358.633,359.847,360.12,358.58,2158
1722211200000,48236,361.5329,359.864,362.982,364.478,359.159,48236
1722297600000,42695,364.4014,363.071,365.176,365.988,362.324,42695
1722384000000,45542,364.7762,365.2,363.808,366.647,363.23,45542
1722470400000,50716,366.0004,363.82,367.14,367.549,363.046,50716
1722556800000,51013,365.673,367.164,364.31,367.818,363.19,51013
1722729600000,2278,363.4813,361.778,364.5,364.75,361.744,2278
1722816000000,66193,363.1895,364.451,361.878,365.95,360.713,66193
1722902400000,54599,363.4762,361.893,363.977,364.887,361.451,54599
1722988800000,60507,364.3582,364.009,363.96,365.283,363.083,60507
1723075200000,45248,363.1571,363.787,362.677,364.329,362,45248
1723161600000,40219,361.8795,362.662,360.92,362.991,360.46,40219
1723334400000,1936,361.0693,360.415,361.08,361.67,360.374,1936
1723420800000,41556,360.3852,361.089,360.026,361.15,359.16,41556
1723507200000,46935,359.3077,360.049,357.558,360.795,356.971,46935
1723593600000,46074,357.736,357.616,358.665,358.84,355.45,46074
1723680000000,39515,359.2322,358.69,360.338,360.68,357.72,39515
1723766400000,41546,359.558,360.329,357.67,360.54,357.41,41546
1723939200000,2364,357.7079,357.335,358.1,358.19,354.85,2364
1724025600000,43471,356.5743,357.986,355.25,358.23,354.303,43471
1724112000000,44222,354.7599,355.384,353.216,356.44,352.256,44222
1724198400000,43593,352.7413,353.301,351.74,354.442,350.756,43593
1724284800000,47708,353.3139,351.84,353.84,355.038,351.233,47708
1724371200000,41255,353.0677,353.799,351.385,354.703,350.734,41255
1724544000000,1996,351.0607,350.372,351.46,351.79,350.029,1996
1724630400000,46753,352.8666,351.348,352.998,354.341,350.899,46753
1724716800000,47513,352.4416,353.033,351.454,353.655,350.888,47513
1724803200000,45198,353.0049,351.464,353.61,354.455,351.06,45198
1724889600000,50380,353.8763,353.527,354.233,355.466,352.53,50380
1724976000000,44851,354.5018,354.219,355.42,355.81,353.43,44851
1725148800000,1897,355.1468,354.583,355.476,355.78,354.447,1897
1725235200000,38728,354.7604,355.437,354.59,355.88,353.888,38728
1725321600000,47190,355.8109,354.448,356.24,357.478,354.2,47190
1725408000000,42860,355.5704,356.226,354.584,356.734,353.92,42860
1725494400000,45098,354.087,354.65,353.78,355.04,352.56,45098
1725580800000,43524,354.7359,353.738,355.03,356.792,352.572,43524
1725753600000,2552,354.8093,354.302,355.107,355.41,354.043,2552
1725840000000,45750,357.4998,355.076,359.296,359.902,354.59,45750
1725926400000,42034,359.7635,359.296,360.05,360.71,358.91,42034
1726012800000,49024,359.4076,359.957,359.51,360.436,358.13,49024
1726099200000,48632,358.7031,359.422,356.758,360.51,356.459,48632
1726185600000,42305,356.3231,356.668,356.053,357.112,355.49,42305
1726358400000,2714,355.9519,355.523,356.05,356.44,355.056,2714
1726444800000,42683,354.5128,356.159,354.23,356.37,353.13,42683
1726531200000,39866,354.4717,354.207,354.624,355.139,353.22,39866
1726617600000,44827,354.319,354.62,354.588,355.315,352.11,44827
1726704000000,49640,353.9538,354.568,353.083,356.538,352.515,49640
1726790400000,41171,352.5897,353.062,351.92,353.46,351.35,41171
1726963200000,1229,351.9106,351.348,352.12,352.2,351.342,1229
1727049600000,45499,354.075,352.098,355.17,355.804,351.7,45499
1727136000000,50063,354.1038,355.11,352.22,355.603,351.976,50063
1727222400000,42448,353.2066,352.276,354.894,355.51,351.46,42448
1727308800000,42452,354.6992,354.827,354.003,356.226,353.669,42452
1727395200000,47311,355.1527,354.082,355.3,356.683,353.71,47311
1727568000000,1631,355.0169,355.103,355.081,355.24,353.419,1631
1727654400000,49695,355.7007,355.073,356.39,357.323,354.12,49695
1727740800000,54053,358.3711,356.093,359.45,360.345,355.777,54053
1727827200000,47392,360.7734,359.343,362.021,363.14,358.914,47392
1727913600000,49205,363.2494,361.98,363.71,364.736,361.36,49205
1728000000000,45904,364.7971,363.749,365.52,366.94,363.206,45904
1728172800000,1504,365.4457,365.028,365.61,365.73,364.921,1504
1728259200000,51328,365.944,365.566,366.017,367.003,365.1,51328
1728345600000,50999,364.7023,366.05,363.687,366.37,362.95,50999
1728432000000,43519,364.1486,363.74,364.436,365.118,363.07,43519
1728518400000,45360,366.0942,364.61,366.797,368.076,364.14,45360
1728604800000,40471,366.5976,366.838,366.74,367.39,365.64,40471
1728777600000,1,366.73,366.73,366.73,366.73,366.73,1
1728864000000,46769,367.1977,367.488,367.145,368.017,365.67,46769
1728950400000,44554,367.2619,367.207,367.446,368.441,366.25,44554
1729036800000,47920,368.4107,367.418,369.43,369.876,365.89,47920
1729123200000,50146,369.5393,369.413,369.55,370.821,367.56,50146
1729209600000,38834,368.5769,369.501,367.98,369.7,367.004,38834
1729382400000,1469,367.8688,368.01,368.25,368.449,367.042,1469
1729468800000,43107,369.8285,368.365,370.897,371.379,367.787,43107
1729555200000,45043,370.3608,370.918,370.59,371.14,369.29,45043
1729641600000,48420,372.6247,370.535,373.733,374.46,369.946,48420
1729728000000,45034,372.8679,373.788,372.28,374.269,371.185,45034
1729814400000,40755,373.1587,372.235,374.27,374.654,371.962,40755
1729987200000,1651,373.4824,372.947,373.65,373.788,372.038,1651
1730073600000,44949,374.0018,373.66,373.56,374.686,372.777,44949
1730160000000,48775,374.5268,373.295,374.41,376.26,373.125,48775
1730246400000,55449,375.1724,374.203,375.4,377.911,372.029,55449
1730332800000,54806,375.6705,375.387,375.092,377.25,373.34,54806
1730419200000,44950,375.6237,375.15,376.66,377.063,373.82,44950
1730592000000,1575,374.4924,373.975,374.494,375.019,373.32,1575
1730678400000,47171,374.3917,374.542,375.08,375.46,373.16,47171
1730764800000,46958,374.908,375.017,373.55,376.325,371.457,46958
1730851200000,69842,381.5378,373.027,381.349,384.81,372.7,69842
1730937600000,55972,377.6085,381.7,374.335,382.555,372.83,55972
1731024000000,51393,377.2942,374.604,379.6,380.749,374.113,51393
1731196800000,1301,379.0036,378.847,379.005,379.478,378.164,1301
1731283200000,48884,382.887,379.177,384.6,386.466,377.848,48884
1731369600000,50737,386.2573,384.318,386.786,387.922,383.779,50737
1731456000000,53731,385.9001,386.796,385.751,387.927,382.61,53731
1731542400000,56246,386.138,385.75,385.83,389.071,383.46,56246
1731628800000,54394,385.8023,385.745,387.098,388.186,383.07,54394
1731801600000,1330,386.2067,386.702,386.329,386.768,381.93,1330
1731888000000,50262,385.889,386.32,383.32,388.551,382.295,50262
1731974400000,56828,384.6536,383.285,384.609,388.18,381.667,56828
1732060800000,57072,387.6412,384.75,388.38,390.041,383.52,57072
1732147200000,51904,390.3728,388.265,392.282,393.081,387.734,51904
1732233600000,57515,394.2471,392.293,394.82,397.956,391.11,57515
1732492800000,23492,390.0898,389.17,391.814,392.18,388.67,23492
1732579200000,63546,391.5189,392.16,390.899,393.16,388.67,63546
1732665600000,57524,390.7995,390.73,390.152,392.19,388.66,57524
1732752000000,42507,391.5992,390.003,390.533,394.29,387.78,42507
1732838400000,55543,390.535,390.501,390.19,393.42,388.582,55543
1733011200000,1359,390.6684,389.988,390.996,391.75,388.451,1359
1733097600000,60288,394.3225,391.044,394.508,396.74,390.809,60288
1733184000000,58641,394.3376,394.637,394.254,395.755,392.41,58641
1733270400000,58712,393.9365,394.33,392.94,395.692,391.762,58712
1733356800000,53789,391.1687,392.939,389.67,393.75,387.644,53789
1733443200000,48230,391.1993,389.541,390.69,392.982,388.485,48230
1733616000000,1036,391.2359,391.076,391.412,391.655,390.105,1036
1733702400000,51425,390.0673,391.408,389.769,393.2,387.46,51425
1733788800000,48185,390.0601,389.77,389.39,391.17,388.718,48185
1733875200000,51889,390.1924,389.246,389.74,392.042,387.641,51889
1733961600000,55508,389.8573,389.799,390.35,392,388.38,55508
1734048000000,42365,390.2177,390.776,388.9,392.163,387.8,42365
1734220800000,660,388.7895,389.187,388.65,389.41,388.278,660
1734307200000,47571,388.9168,388.696,388.639,390.629,387.619,47571
1734393600000,50263,389.6215,388.55,389.864,390.662,387.67,50263
1734480000000,52253,393.1417,389.876,399.028,400.892,389.096,52253
1734566400000,56988,398.87,399.12,399.95,400.695,396.33,56988
1734652800000,50833,398.054,399.933,396.61,400.92,395.17,50833
1734825600000,1544,395.8702,395.336,396.464,396.829,395.137,1544
1734912000000,41592,397.0818,396.374,395.946,399.395,393.994,41592
1734998400000,37532,395.8096,396.093,393.928,397.48,392.416,37532
1735084800000,2477,394.969,393.909,395.96,397.59,392.659,2477
1735171200000,36156,394.4676,394.397,394.04,396.91,392.166,36156
1735257600000,38653,394.1675,394.15,393.59,395.23,392.741,38653
1735430400000,777,393.3321,393.12,393.667,393.712,392.419,777
1735516800000,45221,394.7286,393.514,394.879,396.8,393.07,45221
1735603200000,36623,395.3568,394.999,397.425,397.656,392.849,36623
1735689600000,2284,396.5458,397.45,396.425,398.43,394.927,2284
1735776000000,51619,399.9092,396.396,401.73,404.684,395.798,51619
1735862400000,43539,403.0013,402.28,403.1,404.993,399.559,43539
1736035200000,1063,402.3428,402.168,402.515,402.595,401.702,1063
1736121600000,53584,400.3645,402.525,400.76,403.143,396.45,53584
1736208000000,52961,400.112,400.694,401.325,401.88,397.59,52961
1736294400000,49536,402.0616,401.47,401.453,404.787,400.41,49536
1736380800000,45827,401.5929,401.452,401.65,402.967,400.56,45827
1736467200000,51514,402.3467,401.74,403.27,405.014,400.037,51514
1736640000000,1085,402.283,402.471,402.544,402.727,401.501,1085
1736726400000,50490,404.3195,402.531,401.641,406.6,400.697,50490
1736812800000,46296,401.2352,402.289,399.66,402.925,398.819,46296
